{
    "pose": {
        "Neck": {
            "alpha": -13.854864961,
            "beta": 5.74299637,
            "gamma": -3.692872724
        },
        "Left Elbow": {
            "alpha": 21.895141441,
            "beta": -30.847865688,
            "gamma": -47.48901901
        },
        "Left Shoulder": {
            "alpha": -60.578573539,
            "beta": 61.891591949,
            "gamma": 8.434921938
        },
        "Right Elbow": {
            "alpha": 8.246001603,
            "beta": -3.48066749,
            "gamma": -19.236361992
        },
        "Right Shoulder": {
            "alpha": -90.042559647,
            "beta": 29.308421051,
            "gamma": 8.359609761
        },
        "Upper Torso": {
            "alpha": 1.277401045,
            "beta": 0.46564265,
            "gamma": 0.243012551
        }
    }
}